{
  "corto": {
    "global": {
      "MAE": 0.6572700363795608,
      "RMSE": 0.9458092530782859,
      "R2": 0.9261776983651466,
      "MAPE": 4.266214540523414
    },
    "por_estacion": {
      "Belisario": {
        "MAE": 0.655493621601299,
        "RMSE": 0.9264797190732471,
        "R2": 0.9087439268242521,
        "MAPE": 4.634818558346895
      },
      "Carapungo": {
        "MAE": 0.624643959375353,
        "RMSE": 0.8807515160768468,
        "R2": 0.9238584849804675,
        "MAPE": 4.020364743729937
      },
      "Cotocollao": {
        "MAE": 0.6128829908463054,
        "RMSE": 0.8775669298492392,
        "R2": 0.9130264822515047,
        "MAPE": 4.212649380643449
      },
      "ElCamal": {
        "MAE": 0.6043081602947004,
        "RMSE": 0.8810090646096627,
        "R2": 0.9034333381552623,
        "MAPE": 4.147857291908697
      },
      "LosChillos": {
        "MAE": 0.7507141582703418,
        "RMSE": 1.0998368319944871,
        "R2": 0.9205420824681984,
        "MAPE": 4.522237437388295
      },
      "Tumbaco": {
        "MAE": 0.6955773278893658,
        "RMSE": 0.988585459646379,
        "R2": 0.9304203199393843,
        "MAPE": 4.059359831123208
      }
    },
    "mejor_val_mae_C": 0.6320593357086182,
    "epochs_corridos": 20,
    "config": {
      "modelo": "DCRNN",
      "escenario": "corto",
      "horizon": 3,
      "seq_len": 24,
      "batch": 128,
      "hidden": 64,
      "K": 2,
      "seed": 42
    }
  },
  "medio": {
    "global": {
      "MAE": 1.0400839137220066,
      "RMSE": 1.4053626223853672,
      "R2": 0.8373414322448378,
      "MAPE": 6.8815286916982465
    },
    "por_estacion": {
      "Belisario": {
        "MAE": 1.0418024963106665,
        "RMSE": 1.3867380155374722,
        "R2": 0.7959771564830286,
        "MAPE": 7.524764306260572
      },
      "Carapungo": {
        "MAE": 0.9632904966284263,
        "RMSE": 1.2967470155601573,
        "R2": 0.8352992897530329,
        "MAPE": 6.2491106108842125
      },
      "Cotocollao": {
        "MAE": 0.9178200190274861,
        "RMSE": 1.2391746009581317,
        "R2": 0.8269467320285521,
        "MAPE": 6.39251061832301
      },
      "ElCamal": {
        "MAE": 0.9529346494146679,
        "RMSE": 1.283054654396681,
        "R2": 0.7956596405531837,
        "MAPE": 6.656274604629976
      },
      "LosChillos": {
        "MAE": 1.210747475578012,
        "RMSE": 1.6335243563720894,
        "R2": 0.8251198747982176,
        "MAPE": 7.532759299307214
      },
      "Tumbaco": {
        "MAE": 1.1539083453727812,
        "RMSE": 1.5477353441711847,
        "R2": 0.829891820376887,
        "MAPE": 6.933752710784499
      }
    },
    "mejor_val_mae_C": 1.015476107597351,
    "epochs_corridos": 9,
    "config": {
      "modelo": "DCRNN",
      "escenario": "medio",
      "horizon": 48,
      "seq_len": 96,
      "batch": 64,
      "hidden": 64,
      "K": 2,
      "seed": 42
    }
  },
  "largo": {
    "global": {
      "MAE": 1.0939580471673458,
      "RMSE": 1.4536440532491783,
      "R2": 0.8260656320568185,
      "MAPE": 7.164570257774266
    },
    "por_estacion": {
      "Belisario": {
        "MAE": 1.0837174763692978,
        "RMSE": 1.4280099337397203,
        "R2": 0.7837607878784488,
        "MAPE": 7.719666953672193
      },
      "Carapungo": {
        "MAE": 1.026921697058532,
        "RMSE": 1.3639360166786416,
        "R2": 0.8178063921394854,
        "MAPE": 6.59598457502267
      },
      "Cotocollao": {
        "MAE": 0.9578947287735153,
        "RMSE": 1.2788721984921143,
        "R2": 0.8156680140874684,
        "MAPE": 6.622499954349569
      },
      "ElCamal": {
        "MAE": 1.0000511276241197,
        "RMSE": 1.3240412968329083,
        "R2": 0.7825095858460185,
        "MAPE": 6.900947166236415
      },
      "LosChillos": {
        "MAE": 1.267159720028148,
        "RMSE": 1.676495581909381,
        "R2": 0.8159017239505062,
        "MAPE": 7.841846063997954
      },
      "Tumbaco": {
        "MAE": 1.228003533150462,
        "RMSE": 1.606149271042696,
        "R2": 0.8169846766538186,
        "MAPE": 7.3064768333667915
      }
    },
    "mejor_val_mae_C": 1.0492444038391113,
    "epochs_corridos": 9,
    "config": {
      "modelo": "DCRNN",
      "escenario": "largo",
      "horizon": 72,
      "seq_len": 168,
      "batch": 32,
      "hidden": 64,
      "K": 2,
      "seed": 42
    }
  }
}