{
  "corto": {
    "global": {
      "MAE": 0.723338116336839,
      "RMSE": 1.0165510524579362,
      "R2": 0.9147216373717993,
      "MAPE": 4.689733508010203
    },
    "por_estacion": {
      "Belisario": {
        "MAE": 0.701604813552385,
        "RMSE": 0.9692915960529296,
        "R2": 0.9001153303454126,
        "MAPE": 4.9704965218086254
      },
      "Carapungo": {
        "MAE": 0.7186541342131914,
        "RMSE": 0.9852190010040869,
        "R2": 0.9047247113465127,
        "MAPE": 4.5082029520242575
      },
      "Cotocollao": {
        "MAE": 0.645483533981576,
        "RMSE": 0.9138202397206631,
        "R2": 0.9056920979753731,
        "MAPE": 4.450963323584713
      },
      "ElCamal": {
        "MAE": 0.653554075483215,
        "RMSE": 0.9390483510913266,
        "R2": 0.890290970319071,
        "MAPE": 4.504963037116745
      },
      "LosChillos": {
        "MAE": 0.842533612229473,
        "RMSE": 1.2008670177505496,
        "R2": 0.9052737175780323,
        "MAPE": 5.158358998346724
      },
      "Tumbaco": {
        "MAE": 0.7781985285611932,
        "RMSE": 1.0635378436473861,
        "R2": 0.9194695944169906,
        "MAPE": 4.5454162151801505
      }
    },
    "mejor_val_mae_C": 0.698829710483551,
    "epochs_corridos": 40,
    "config": {
      "modelo": "A3T-GCN",
      "escenario": "corto",
      "horizon": 3,
      "seq_len": 24,
      "batch": 128,
      "hidden": 64,
      "seed": 42
    }
  },
  "medio": {
    "global": {
      "MAE": 1.048439681919014,
      "RMSE": 1.411011530232621,
      "R2": 0.8360311797766882,
      "MAPE": 6.931775720980508
    },
    "por_estacion": {
      "Belisario": {
        "MAE": 1.0411990261609299,
        "RMSE": 1.3770871850938424,
        "R2": 0.7988070181837774,
        "MAPE": 7.504060045956165
      },
      "Carapungo": {
        "MAE": 0.9931637226855741,
        "RMSE": 1.3231100359576415,
        "R2": 0.8285344468015781,
        "MAPE": 6.336051343744228
      },
      "Cotocollao": {
        "MAE": 0.917967403320793,
        "RMSE": 1.2342616648994233,
        "R2": 0.8283162149941721,
        "MAPE": 6.425412929491225
      },
      "ElCamal": {
        "MAE": 0.9528421915160702,
        "RMSE": 1.2952901507139123,
        "R2": 0.7917437871365347,
        "MAPE": 6.686080043969049
      },
      "LosChillos": {
        "MAE": 1.210324918484555,
        "RMSE": 1.6371309709812922,
        "R2": 0.82434679603439,
        "MAPE": 7.608409839730698
      },
      "Tumbaco": {
        "MAE": 1.1751408293461618,
        "RMSE": 1.5547847760934594,
        "R2": 0.8283387164277576,
        "MAPE": 7.030640122991688
      }
    },
    "mejor_val_mae_C": 1.006786584854126,
    "epochs_corridos": 18,
    "config": {
      "modelo": "A3T-GCN",
      "escenario": "medio",
      "horizon": 48,
      "seq_len": 96,
      "batch": 64,
      "hidden": 64,
      "seed": 42
    }
  },
  "largo": {
    "global": {
      "MAE": 1.1085250747112982,
      "RMSE": 1.4758334249460765,
      "R2": 0.8207150082188569,
      "MAPE": 7.287563756776636
    },
    "por_estacion": {
      "Belisario": {
        "MAE": 1.104940986829278,
        "RMSE": 1.440753044326792,
        "R2": 0.7798842671298439,
        "MAPE": 7.888775892959565
      },
      "Carapungo": {
        "MAE": 1.0557109413372348,
        "RMSE": 1.3977544788090857,
        "R2": 0.8086594906810165,
        "MAPE": 6.658584297899309
      },
      "Cotocollao": {
        "MAE": 0.9663453349288129,
        "RMSE": 1.2855390341672541,
        "R2": 0.8137411378071486,
        "MAPE": 6.683701668130433
      },
      "ElCamal": {
        "MAE": 1.0083065495465307,
        "RMSE": 1.3506366017051439,
        "R2": 0.7736846100979398,
        "MAPE": 7.070152552716926
      },
      "LosChillos": {
        "MAE": 1.292594037471196,
        "RMSE": 1.7239817944668117,
        "R2": 0.8053249720525884,
        "MAPE": 8.106711222199369
      },
      "Tumbaco": {
        "MAE": 1.2232525981547377,
        "RMSE": 1.6093712453856996,
        "R2": 0.8162496738322631,
        "MAPE": 7.317456906754219
      }
    },
    "mejor_val_mae_C": 1.0500428676605225,
    "epochs_corridos": 12,
    "config": {
      "modelo": "A3T-GCN",
      "escenario": "largo",
      "horizon": 72,
      "seq_len": 168,
      "batch": 32,
      "hidden": 64,
      "seed": 42
    }
  }
}