{
  "features": [
    "temperaturaMedia",
    "humedadRelativa",
    "presionBarometrica",
    "radiacionSolar",
    "viento_u",
    "viento_v",
    "precipitacion_log",
    "radiacionSolar_lag1"
  ],
  "mean": [
    14.955864906311035,
    70.29939270019531,
    743.9571533203125,
    213.20262145996094,
    0.19544538855552673,
    0.25596481561660767,
    0.05297583341598511,
    213.20262145996094
  ],
  "scale": [
    3.6128170490264893,
    19.524667739868164,
    17.397815704345703,
    307.871826171875,
    1.4374274015426636,
    1.2942320108413696,
    0.24640177190303802,
    307.87176513671875
  ]
}