{
    "scenario": "largo_plazo",
    "best_val_rmse": 0.35746874466334305,
    "epochs_executed": 26,
    "batch_size": 64,
    "learning_rate": 1.0376741218161725e-05
}