{
  "idx": 0,
  "mean": 14.955864906311035,
  "scale": 3.6128170490264893
}